Datetime,Water Level (m)
2025-07-06 18:00:00,0.8045255
2025-07-06 19:00:00,0.32571918
2025-07-06 20:00:00,-0.15383822
2025-07-06 21:00:00,-0.4902435
2025-07-06 22:00:00,-0.5923291
2025-07-06 23:00:00,-0.3363776
2025-07-07 00:00:00,0.25282052
2025-07-07 01:00:00,0.9542891
2025-07-07 02:00:00,1.561247
2025-07-07 03:00:00,1.966195
2025-07-07 04:00:00,2.1267188
2025-07-07 05:00:00,2.0220702
2025-07-07 06:00:00,1.636486
2025-07-07 07:00:00,1.0547421
2025-07-07 08:00:00,0.42113292
2025-07-07 09:00:00,-0.12669647
2025-07-07 10:00:00,-0.5212008
2025-07-07 11:00:00,-0.6320641
2025-07-07 12:00:00,-0.36083174
2025-07-07 13:00:00,0.25877273
2025-07-07 14:00:00,0.8915867
2025-07-07 15:00:00,1.3533783
2025-07-07 16:00:00,1.5748872
2025-07-07 17:00:00,1.6098171
2025-07-07 18:00:00,1.382199
2025-07-07 19:00:00,0.8770897
2025-07-07 20:00:00,0.2111845
2025-07-07 21:00:00,-0.41884798
2025-07-07 22:00:00,-0.8622487
2025-07-07 23:00:00,-0.95506084
2025-07-08 00:00:00,-0.5397087
2025-07-08 01:00:00,0.29032657
2025-07-08 02:00:00,1.1218289
2025-07-08 03:00:00,1.7952304
2025-07-08 04:00:00,2.2209382
2025-07-08 05:00:00,2.387015
2025-07-08 06:00:00,2.2139087
2025-07-08 07:00:00,1.7192001
2025-07-08 08:00:00,0.99699026
2025-07-08 09:00:00,0.23009674
2025-07-08 10:00:00,-0.42614502
2025-07-08 11:00:00,-0.89377624
2025-07-08 12:00:00,-1.0273381
2025-07-08 13:00:00,-0.6084236
2025-07-08 14:00:00,0.18743227
2025-07-08 15:00:00,0.91983944
2025-07-08 16:00:00,1.43757
2025-07-08 17:00:00,1.6677176
2025-07-08 18:00:00,1.6469197
2025-07-08 19:00:00,1.3193673
2025-07-08 20:00:00,0.73099416
2025-07-08 21:00:00,-0.0010694246
2025-07-08 22:00:00,-0.66517395
2025-07-08 23:00:00,-1.1033878
2025-07-09 00:00:00,-1.1424925
2025-07-09 01:00:00,-0.5341701
2025-07-09 02:00:00,0.39150277
2025-07-09 03:00:00,1.2853364
2025-07-09 04:00:00,1.9781982
2025-07-09 05:00:00,2.374882
2025-07-09 06:00:00,2.445152
2025-07-09 07:00:00,2.1077888
2025-07-09 08:00:00,1.4664391
2025-07-09 09:00:00,0.6273553
2025-07-09 10:00:00,-0.1813892
2025-07-09 11:00:00,-0.8533903
2025-07-09 12:00:00,-1.2424014
2025-07-09 13:00:00,-1.2093154
2025-07-09 14:00:00,-0.54422903
2025-07-09 15:00:00,0.3211354
2025-07-09 16:00:00,1.0982423
2025-07-09 17:00:00,1.597851
2025-07-09 18:00:00,1.7864904
2025-07-09 19:00:00,1.6666155
2025-07-09 20:00:00,1.1898426
2025-07-09 21:00:00,0.48562518
2025-07-09 22:00:00,-0.3054993
2025-07-09 23:00:00,-1.0006936
2025-07-10 00:00:00,-1.3979813
2025-07-10 01:00:00,-1.2774825
2025-07-10 02:00:00,-0.38839817
2025-07-10 03:00:00,0.63548714
2025-07-10 04:00:00,1.5897715
2025-07-10 05:00:00,2.24954
2025-07-10 06:00:00,2.5735948
2025-07-10 07:00:00,2.5308106
2025-07-10 08:00:00,2.024064
2025-07-10 09:00:00,1.2387465
2025-07-10 10:00:00,0.31958783
2025-07-10 11:00:00,-0.5289395
2025-07-10 12:00:00,-1.1725912
2025-07-10 13:00:00,-1.516297
2025-07-10 14:00:00,-1.2496461
2025-07-10 15:00:00,-0.28702334
2025-07-10 16:00:00,0.659258
2025-07-10 17:00:00,1.4378138
2025-07-10 18:00:00,1.8564174
2025-07-10 19:00:00,1.9150475
2025-07-10 20:00:00,1.6321292
2025-07-10 21:00:00,0.97596854
2025-07-10 22:00:00,0.15040971
2025-07-10 23:00:00,-0.66829896
2025-07-11 00:00:00,-1.3054252
2025-07-11 01:00:00,-1.609061
2025-07-11 02:00:00,-1.1905359
2025-07-11 03:00:00,-0.10386595
2025-07-11 04:00:00,0.9785986
2025-07-11 05:00:00,1.9257935
2025-07-11 06:00:00,2.5179935
2025-07-11 07:00:00,2.6955073
2025-07-11 08:00:00,2.4412506
2025-07-11 09:00:00,1.7498637
2025-07-11 10:00:00,0.8387641
2025-07-11 11:00:00,-0.10523615
2025-07-11 12:00:00,-0.9370196
2025-07-11 13:00:00,-1.5369059
2025-07-11 14:00:00,-1.6913214
2025-07-11 15:00:00,-1.0273668
2025-07-11 16:00:00,0.06919957
2025-07-11 17:00:00,1.0370694
2025-07-11 18:00:00,1.7314007
2025-07-11 19:00:00,2.0339384
2025-07-11 20:00:00,1.9512193
2025-07-11 21:00:00,1.4741603
2025-07-11 22:00:00,0.6991597
2025-07-11 23:00:00,-0.19185053
2025-07-12 00:00:00,-0.98822945
2025-07-12 01:00:00,-1.5656066
2025-07-12 02:00:00,-1.687617
2025-07-12 03:00:00,-0.88871694
2025-07-12 04:00:00,0.3100476
2025-07-12 05:00:00,1.4447986
2025-07-12 06:00:00,2.2930841
2025-07-12 07:00:00,2.7385113
2025-07-12 08:00:00,2.7408369
2025-07-12 09:00:00,2.2540834
2025-07-12 10:00:00,1.4385952
2025-07-12 11:00:00,0.44318163
2025-07-12 12:00:00,-0.5080358
2025-07-12 13:00:00,-1.2708595
2025-07-12 14:00:00,-1.7582237
2025-07-12 15:00:00,-1.6420609
2025-07-12 16:00:00,-0.56849927
2025-07-12 17:00:00,0.5212484
2025-07-12 18:00:00,1.4689766
